Driver,GridPosition,TeamName,Year,Race
BOT,1.0,Mercedes,2020,Pre-Season Test 1
LEC,7.0,Ferrari,2020,Pre-Season Test 1
NOR,3.0,McLaren,2020,Pre-Season Test 1
HAM,5.0,Mercedes,2020,Pre-Season Test 1
SAI,8.0,McLaren,2020,Pre-Season Test 1
PER,6.0,Racing Point,2020,Pre-Season Test 1
GAS,12.0,AlphaTauri,2020,Pre-Season Test 1
OCO,14.0,Renault,2020,Pre-Season Test 1
GIO,18.0,Alfa Romeo Racing,2020,Pre-Season Test 1
VET,11.0,Ferrari,2020,Pre-Season Test 1
LAT,20.0,Williams,2020,Pre-Season Test 1
KVY,13.0,AlphaTauri,2020,Pre-Season Test 1
ALB,4.0,Red Bull Racing,2020,Pre-Season Test 1
RAI,19.0,Alfa Romeo Racing,2020,Pre-Season Test 1
RUS,17.0,Williams,2020,Pre-Season Test 1
GRO,15.0,Haas F1 Team,2020,Pre-Season Test 1
MAG,16.0,Haas F1 Team,2020,Pre-Season Test 1
STR,9.0,Racing Point,2020,Pre-Season Test 1
RIC,10.0,Renault,2020,Pre-Season Test 1
VER,2.0,Red Bull Racing,2020,Pre-Season Test 1
BOT,1.0,Mercedes,2020,Pre-Season Test 2
LEC,7.0,Ferrari,2020,Pre-Season Test 2
NOR,3.0,McLaren,2020,Pre-Season Test 2
HAM,5.0,Mercedes,2020,Pre-Season Test 2
SAI,8.0,McLaren,2020,Pre-Season Test 2
PER,6.0,Racing Point,2020,Pre-Season Test 2
GAS,12.0,AlphaTauri,2020,Pre-Season Test 2
OCO,14.0,Renault,2020,Pre-Season Test 2
GIO,18.0,Alfa Romeo Racing,2020,Pre-Season Test 2
VET,11.0,Ferrari,2020,Pre-Season Test 2
LAT,20.0,Williams,2020,Pre-Season Test 2
KVY,13.0,AlphaTauri,2020,Pre-Season Test 2
ALB,4.0,Red Bull Racing,2020,Pre-Season Test 2
RAI,19.0,Alfa Romeo Racing,2020,Pre-Season Test 2
RUS,17.0,Williams,2020,Pre-Season Test 2
GRO,15.0,Haas F1 Team,2020,Pre-Season Test 2
MAG,16.0,Haas F1 Team,2020,Pre-Season Test 2
STR,9.0,Racing Point,2020,Pre-Season Test 2
RIC,10.0,Renault,2020,Pre-Season Test 2
VER,2.0,Red Bull Racing,2020,Pre-Season Test 2
BOT,1.0,Mercedes,2020,Austrian Grand Prix
LEC,7.0,Ferrari,2020,Austrian Grand Prix
NOR,3.0,McLaren,2020,Austrian Grand Prix
HAM,5.0,Mercedes,2020,Austrian Grand Prix
SAI,8.0,McLaren,2020,Austrian Grand Prix
PER,6.0,Racing Point,2020,Austrian Grand Prix
GAS,12.0,AlphaTauri,2020,Austrian Grand Prix
OCO,14.0,Renault,2020,Austrian Grand Prix
GIO,18.0,Alfa Romeo Racing,2020,Austrian Grand Prix
VET,11.0,Ferrari,2020,Austrian Grand Prix
LAT,20.0,Williams,2020,Austrian Grand Prix
KVY,13.0,AlphaTauri,2020,Austrian Grand Prix
ALB,4.0,Red Bull Racing,2020,Austrian Grand Prix
RAI,19.0,Alfa Romeo Racing,2020,Austrian Grand Prix
RUS,17.0,Williams,2020,Austrian Grand Prix
GRO,15.0,Haas F1 Team,2020,Austrian Grand Prix
MAG,16.0,Haas F1 Team,2020,Austrian Grand Prix
STR,9.0,Racing Point,2020,Austrian Grand Prix
RIC,10.0,Renault,2020,Austrian Grand Prix
VER,2.0,Red Bull Racing,2020,Austrian Grand Prix
HAM,1.0,Mercedes,2020,Styrian Grand Prix
BOT,4.0,Mercedes,2020,Styrian Grand Prix
VER,2.0,Red Bull Racing,2020,Styrian Grand Prix
ALB,6.0,Red Bull Racing,2020,Styrian Grand Prix
NOR,9.0,McLaren,2020,Styrian Grand Prix
PER,17.0,Racing Point,2020,Styrian Grand Prix
STR,12.0,Racing Point,2020,Styrian Grand Prix
RIC,8.0,Renault,2020,Styrian Grand Prix
SAI,3.0,McLaren,2020,Styrian Grand Prix
KVY,13.0,AlphaTauri,2020,Styrian Grand Prix
RAI,16.0,Alfa Romeo Racing,2020,Styrian Grand Prix
MAG,15.0,Haas F1 Team,2020,Styrian Grand Prix
GRO,0.0,Haas F1 Team,2020,Styrian Grand Prix
GIO,19.0,Alfa Romeo Racing,2020,Styrian Grand Prix
GAS,7.0,AlphaTauri,2020,Styrian Grand Prix
RUS,11.0,Williams,2020,Styrian Grand Prix
LAT,18.0,Williams,2020,Styrian Grand Prix
OCO,5.0,Renault,2020,Styrian Grand Prix
LEC,14.0,Ferrari,2020,Styrian Grand Prix
VET,10.0,Ferrari,2020,Styrian Grand Prix
HAM,1.0,Mercedes,2020,Hungarian Grand Prix
VER,7.0,Red Bull Racing,2020,Hungarian Grand Prix
BOT,2.0,Mercedes,2020,Hungarian Grand Prix
STR,3.0,Racing Point,2020,Hungarian Grand Prix
ALB,13.0,Red Bull Racing,2020,Hungarian Grand Prix
VET,5.0,Ferrari,2020,Hungarian Grand Prix
PER,4.0,Racing Point,2020,Hungarian Grand Prix
RIC,11.0,Renault,2020,Hungarian Grand Prix
SAI,9.0,McLaren,2020,Hungarian Grand Prix
MAG,0.0,Haas F1 Team,2020,Hungarian Grand Prix
LEC,6.0,Ferrari,2020,Hungarian Grand Prix
KVY,17.0,AlphaTauri,2020,Hungarian Grand Prix
NOR,8.0,McLaren,2020,Hungarian Grand Prix
OCO,14.0,Renault,2020,Hungarian Grand Prix
RAI,20.0,Alfa Romeo Racing,2020,Hungarian Grand Prix
GRO,0.0,Haas F1 Team,2020,Hungarian Grand Prix
GIO,19.0,Alfa Romeo Racing,2020,Hungarian Grand Prix
RUS,12.0,Williams,2020,Hungarian Grand Prix
LAT,15.0,Williams,2020,Hungarian Grand Prix
GAS,10.0,AlphaTauri,2020,Hungarian Grand Prix
HAM,1.0,Mercedes,2020,British Grand Prix
VER,3.0,Red Bull Racing,2020,British Grand Prix
LEC,4.0,Ferrari,2020,British Grand Prix
RIC,8.0,Renault,2020,British Grand Prix
NOR,5.0,McLaren,2020,British Grand Prix
OCO,9.0,Renault,2020,British Grand Prix
GAS,11.0,AlphaTauri,2020,British Grand Prix
ALB,12.0,Red Bull Racing,2020,British Grand Prix
STR,6.0,Racing Point,2020,British Grand Prix
VET,10.0,Ferrari,2020,British Grand Prix
BOT,2.0,Mercedes,2020,British Grand Prix
RUS,20.0,Williams,2020,British Grand Prix
SAI,7.0,McLaren,2020,British Grand Prix
GIO,15.0,Alfa Romeo Racing,2020,British Grand Prix
LAT,18.0,Williams,2020,British Grand Prix
GRO,17.0,Haas F1 Team,2020,British Grand Prix
RAI,16.0,Alfa Romeo Racing,2020,British Grand Prix
KVY,19.0,AlphaTauri,2020,British Grand Prix
MAG,14.0,Haas F1 Team,2020,British Grand Prix
HUL,13.0,Racing Point,2020,British Grand Prix
VER,4.0,Red Bull Racing,2020,70th Anniversary Grand Prix
HAM,2.0,Mercedes,2020,70th Anniversary Grand Prix
BOT,1.0,Mercedes,2020,70th Anniversary Grand Prix
LEC,8.0,Ferrari,2020,70th Anniversary Grand Prix
ALB,9.0,Red Bull Racing,2020,70th Anniversary Grand Prix
STR,6.0,Racing Point,2020,70th Anniversary Grand Prix
HUL,3.0,Racing Point,2020,70th Anniversary Grand Prix
OCO,14.0,Renault,2020,70th Anniversary Grand Prix
NOR,10.0,McLaren,2020,70th Anniversary Grand Prix
KVY,16.0,AlphaTauri,2020,70th Anniversary Grand Prix
GAS,7.0,AlphaTauri,2020,70th Anniversary Grand Prix
VET,11.0,Ferrari,2020,70th Anniversary Grand Prix
SAI,12.0,McLaren,2020,70th Anniversary Grand Prix
RIC,5.0,Renault,2020,70th Anniversary Grand Prix
RAI,20.0,Alfa Romeo Racing,2020,70th Anniversary Grand Prix
GRO,13.0,Haas F1 Team,2020,70th Anniversary Grand Prix
GIO,19.0,Alfa Romeo Racing,2020,70th Anniversary Grand Prix
RUS,15.0,Williams,2020,70th Anniversary Grand Prix
LAT,18.0,Williams,2020,70th Anniversary Grand Prix
MAG,17.0,Haas F1 Team,2020,70th Anniversary Grand Prix
HAM,1.0,Mercedes,2020,Spanish Grand Prix
VER,3.0,Red Bull Racing,2020,Spanish Grand Prix
BOT,2.0,Mercedes,2020,Spanish Grand Prix
STR,5.0,Racing Point,2020,Spanish Grand Prix
PER,4.0,Racing Point,2020,Spanish Grand Prix
SAI,7.0,McLaren,2020,Spanish Grand Prix
VET,11.0,Ferrari,2020,Spanish Grand Prix
ALB,6.0,Red Bull Racing,2020,Spanish Grand Prix
GAS,10.0,AlphaTauri,2020,Spanish Grand Prix
NOR,8.0,McLaren,2020,Spanish Grand Prix
RIC,13.0,Renault,2020,Spanish Grand Prix
KVY,12.0,AlphaTauri,2020,Spanish Grand Prix
OCO,15.0,Renault,2020,Spanish Grand Prix
RAI,14.0,Alfa Romeo Racing,2020,Spanish Grand Prix
MAG,16.0,Haas F1 Team,2020,Spanish Grand Prix
GIO,20.0,Alfa Romeo Racing,2020,Spanish Grand Prix
RUS,18.0,Williams,2020,Spanish Grand Prix
LAT,19.0,Williams,2020,Spanish Grand Prix
GRO,17.0,Haas F1 Team,2020,Spanish Grand Prix
LEC,9.0,Ferrari,2020,Spanish Grand Prix
HAM,1.0,Mercedes,2020,Belgian Grand Prix
BOT,2.0,Mercedes,2020,Belgian Grand Prix
VER,3.0,Red Bull Racing,2020,Belgian Grand Prix
RIC,4.0,Renault,2020,Belgian Grand Prix
OCO,6.0,Renault,2020,Belgian Grand Prix
ALB,5.0,Red Bull Racing,2020,Belgian Grand Prix
NOR,10.0,McLaren,2020,Belgian Grand Prix
GAS,12.0,AlphaTauri,2020,Belgian Grand Prix
STR,9.0,Racing Point,2020,Belgian Grand Prix
PER,8.0,Racing Point,2020,Belgian Grand Prix
KVY,11.0,AlphaTauri,2020,Belgian Grand Prix
RAI,16.0,Alfa Romeo Racing,2020,Belgian Grand Prix
VET,14.0,Ferrari,2020,Belgian Grand Prix
LEC,13.0,Ferrari,2020,Belgian Grand Prix
GRO,17.0,Haas F1 Team,2020,Belgian Grand Prix
LAT,19.0,Williams,2020,Belgian Grand Prix
MAG,20.0,Haas F1 Team,2020,Belgian Grand Prix
GIO,18.0,Alfa Romeo Racing,2020,Belgian Grand Prix
RUS,15.0,Williams,2020,Belgian Grand Prix
SAI,7.0,McLaren,2020,Belgian Grand Prix
GAS,10.0,AlphaTauri,2020,Italian Grand Prix
SAI,3.0,McLaren,2020,Italian Grand Prix
STR,8.0,Racing Point,2020,Italian Grand Prix
NOR,6.0,McLaren,2020,Italian Grand Prix
BOT,2.0,Mercedes,2020,Italian Grand Prix
RIC,7.0,Renault,2020,Italian Grand Prix
HAM,1.0,Mercedes,2020,Italian Grand Prix
OCO,12.0,Renault,2020,Italian Grand Prix
KVY,11.0,AlphaTauri,2020,Italian Grand Prix
PER,4.0,Racing Point,2020,Italian Grand Prix
LAT,20.0,Williams,2020,Italian Grand Prix
GRO,16.0,Haas F1 Team,2020,Italian Grand Prix
RAI,14.0,Alfa Romeo Racing,2020,Italian Grand Prix
RUS,19.0,Williams,2020,Italian Grand Prix
ALB,9.0,Red Bull Racing,2020,Italian Grand Prix
GIO,18.0,Alfa Romeo Racing,2020,Italian Grand Prix
VER,5.0,Red Bull Racing,2020,Italian Grand Prix
LEC,13.0,Ferrari,2020,Italian Grand Prix
MAG,15.0,Haas F1 Team,2020,Italian Grand Prix
VET,17.0,Ferrari,2020,Italian Grand Prix
HAM,1.0,Mercedes,2020,Tuscan Grand Prix
BOT,2.0,Mercedes,2020,Tuscan Grand Prix
ALB,4.0,Red Bull Racing,2020,Tuscan Grand Prix
RIC,8.0,Renault,2020,Tuscan Grand Prix
PER,7.0,Racing Point,2020,Tuscan Grand Prix
NOR,11.0,McLaren,2020,Tuscan Grand Prix
KVY,12.0,AlphaTauri,2020,Tuscan Grand Prix
LEC,5.0,Ferrari,2020,Tuscan Grand Prix
RAI,13.0,Alfa Romeo Racing,2020,Tuscan Grand Prix
VET,14.0,Ferrari,2020,Tuscan Grand Prix
RUS,18.0,Williams,2020,Tuscan Grand Prix
GRO,15.0,Haas F1 Team,2020,Tuscan Grand Prix
STR,6.0,Racing Point,2020,Tuscan Grand Prix
OCO,10.0,Renault,2020,Tuscan Grand Prix
LAT,19.0,Williams,2020,Tuscan Grand Prix
MAG,20.0,Haas F1 Team,2020,Tuscan Grand Prix
GIO,17.0,Alfa Romeo Racing,2020,Tuscan Grand Prix
SAI,9.0,McLaren,2020,Tuscan Grand Prix
VER,3.0,Red Bull Racing,2020,Tuscan Grand Prix
GAS,16.0,AlphaTauri,2020,Tuscan Grand Prix
BOT,3.0,Mercedes,2020,Russian Grand Prix
VER,2.0,Red Bull Racing,2020,Russian Grand Prix
HAM,1.0,Mercedes,2020,Russian Grand Prix
PER,4.0,Racing Point,2020,Russian Grand Prix
RIC,5.0,Renault,2020,Russian Grand Prix
LEC,10.0,Ferrari,2020,Russian Grand Prix
OCO,7.0,Renault,2020,Russian Grand Prix
KVY,11.0,AlphaTauri,2020,Russian Grand Prix
GAS,9.0,AlphaTauri,2020,Russian Grand Prix
ALB,15.0,Red Bull Racing,2020,Russian Grand Prix
GIO,17.0,Alfa Romeo Racing,2020,Russian Grand Prix
MAG,18.0,Haas F1 Team,2020,Russian Grand Prix
VET,14.0,Ferrari,2020,Russian Grand Prix
RAI,19.0,Alfa Romeo Racing,2020,Russian Grand Prix
NOR,8.0,McLaren,2020,Russian Grand Prix
LAT,20.0,Williams,2020,Russian Grand Prix
GRO,16.0,Haas F1 Team,2020,Russian Grand Prix
RUS,13.0,Williams,2020,Russian Grand Prix
SAI,6.0,McLaren,2020,Russian Grand Prix
STR,12.0,Racing Point,2020,Russian Grand Prix
HAM,2.0,Mercedes,2020,Eifel Grand Prix
VER,3.0,Red Bull Racing,2020,Eifel Grand Prix
RIC,6.0,Renault,2020,Eifel Grand Prix
PER,9.0,Racing Point,2020,Eifel Grand Prix
SAI,10.0,McLaren,2020,Eifel Grand Prix
GAS,12.0,AlphaTauri,2020,Eifel Grand Prix
LEC,4.0,Ferrari,2020,Eifel Grand Prix
HUL,20.0,Racing Point,2020,Eifel Grand Prix
GRO,16.0,Haas F1 Team,2020,Eifel Grand Prix
GIO,14.0,Alfa Romeo Racing,2020,Eifel Grand Prix
VET,11.0,Ferrari,2020,Eifel Grand Prix
RAI,19.0,Alfa Romeo Racing,2020,Eifel Grand Prix
MAG,15.0,Haas F1 Team,2020,Eifel Grand Prix
LAT,18.0,Williams,2020,Eifel Grand Prix
KVY,13.0,AlphaTauri,2020,Eifel Grand Prix
NOR,8.0,McLaren,2020,Eifel Grand Prix
ALB,5.0,Red Bull Racing,2020,Eifel Grand Prix
OCO,7.0,Renault,2020,Eifel Grand Prix
BOT,1.0,Mercedes,2020,Eifel Grand Prix
RUS,17.0,Williams,2020,Eifel Grand Prix
HAM,1.0,Mercedes,2020,Portuguese Grand Prix
BOT,2.0,Mercedes,2020,Portuguese Grand Prix
VER,3.0,Red Bull Racing,2020,Portuguese Grand Prix
LEC,4.0,Ferrari,2020,Portuguese Grand Prix
GAS,9.0,AlphaTauri,2020,Portuguese Grand Prix
SAI,7.0,McLaren,2020,Portuguese Grand Prix
PER,5.0,Racing Point,2020,Portuguese Grand Prix
OCO,11.0,Renault,2020,Portuguese Grand Prix
RIC,10.0,Renault,2020,Portuguese Grand Prix
VET,15.0,Ferrari,2020,Portuguese Grand Prix
RAI,16.0,Alfa Romeo Racing,2020,Portuguese Grand Prix
ALB,6.0,Red Bull Racing,2020,Portuguese Grand Prix
NOR,8.0,McLaren,2020,Portuguese Grand Prix
RUS,14.0,Williams,2020,Portuguese Grand Prix
GIO,17.0,Alfa Romeo Racing,2020,Portuguese Grand Prix
MAG,19.0,Haas F1 Team,2020,Portuguese Grand Prix
GRO,18.0,Haas F1 Team,2020,Portuguese Grand Prix
LAT,20.0,Williams,2020,Portuguese Grand Prix
KVY,13.0,AlphaTauri,2020,Portuguese Grand Prix
STR,12.0,Racing Point,2020,Portuguese Grand Prix
HAM,2.0,Mercedes,2020,Emilia Romagna Grand Prix
BOT,1.0,Mercedes,2020,Emilia Romagna Grand Prix
RIC,5.0,Renault,2020,Emilia Romagna Grand Prix
KVY,8.0,AlphaTauri,2020,Emilia Romagna Grand Prix
LEC,7.0,Ferrari,2020,Emilia Romagna Grand Prix
PER,11.0,Racing Point,2020,Emilia Romagna Grand Prix
SAI,10.0,McLaren,2020,Emilia Romagna Grand Prix
NOR,9.0,McLaren,2020,Emilia Romagna Grand Prix
RAI,18.0,Alfa Romeo Racing,2020,Emilia Romagna Grand Prix
GIO,20.0,Alfa Romeo Racing,2020,Emilia Romagna Grand Prix
LAT,19.0,Williams,2020,Emilia Romagna Grand Prix
VET,14.0,Ferrari,2020,Emilia Romagna Grand Prix
STR,15.0,Racing Point,2020,Emilia Romagna Grand Prix
GRO,16.0,Haas F1 Team,2020,Emilia Romagna Grand Prix
ALB,6.0,Red Bull Racing,2020,Emilia Romagna Grand Prix
RUS,13.0,Williams,2020,Emilia Romagna Grand Prix
VER,3.0,Red Bull Racing,2020,Emilia Romagna Grand Prix
MAG,17.0,Haas F1 Team,2020,Emilia Romagna Grand Prix
OCO,12.0,Renault,2020,Emilia Romagna Grand Prix
GAS,4.0,AlphaTauri,2020,Emilia Romagna Grand Prix
HAM,6.0,Mercedes,2020,Turkish Grand Prix
PER,3.0,Racing Point,2020,Turkish Grand Prix
VET,11.0,Ferrari,2020,Turkish Grand Prix
LEC,12.0,Ferrari,2020,Turkish Grand Prix
SAI,15.0,McLaren,2020,Turkish Grand Prix
VER,2.0,Red Bull Racing,2020,Turkish Grand Prix
ALB,4.0,Red Bull Racing,2020,Turkish Grand Prix
NOR,14.0,McLaren,2020,Turkish Grand Prix
STR,1.0,Racing Point,2020,Turkish Grand Prix
RIC,5.0,Renault,2020,Turkish Grand Prix
OCO,7.0,Renault,2020,Turkish Grand Prix
KVY,16.0,AlphaTauri,2020,Turkish Grand Prix
GAS,19.0,AlphaTauri,2020,Turkish Grand Prix
BOT,9.0,Mercedes,2020,Turkish Grand Prix
RAI,8.0,Alfa Romeo Racing,2020,Turkish Grand Prix
RUS,0.0,Williams,2020,Turkish Grand Prix
MAG,13.0,Haas F1 Team,2020,Turkish Grand Prix
GRO,17.0,Haas F1 Team,2020,Turkish Grand Prix
LAT,0.0,Williams,2020,Turkish Grand Prix
GIO,10.0,Alfa Romeo Racing,2020,Turkish Grand Prix
HAM,1.0,Mercedes,2020,Bahrain Grand Prix
VER,3.0,Red Bull Racing,2020,Bahrain Grand Prix
ALB,4.0,Red Bull Racing,2020,Bahrain Grand Prix
NOR,9.0,McLaren,2020,Bahrain Grand Prix
SAI,15.0,McLaren,2020,Bahrain Grand Prix
GAS,8.0,AlphaTauri,2020,Bahrain Grand Prix
RIC,6.0,Renault,2020,Bahrain Grand Prix
BOT,2.0,Mercedes,2020,Bahrain Grand Prix
OCO,7.0,Renault,2020,Bahrain Grand Prix
LEC,12.0,Ferrari,2020,Bahrain Grand Prix
KVY,10.0,AlphaTauri,2020,Bahrain Grand Prix
RUS,14.0,Williams,2020,Bahrain Grand Prix
VET,11.0,Ferrari,2020,Bahrain Grand Prix
LAT,20.0,Williams,2020,Bahrain Grand Prix
RAI,17.0,Alfa Romeo Racing,2020,Bahrain Grand Prix
GIO,16.0,Alfa Romeo Racing,2020,Bahrain Grand Prix
MAG,18.0,Haas F1 Team,2020,Bahrain Grand Prix
PER,5.0,Racing Point,2020,Bahrain Grand Prix
STR,13.0,Racing Point,2020,Bahrain Grand Prix
GRO,19.0,Haas F1 Team,2020,Bahrain Grand Prix
PER,5.0,Racing Point,2020,Sakhir Grand Prix
OCO,11.0,Renault,2020,Sakhir Grand Prix
STR,10.0,Racing Point,2020,Sakhir Grand Prix
SAI,8.0,McLaren,2020,Sakhir Grand Prix
RIC,7.0,Renault,2020,Sakhir Grand Prix
ALB,12.0,Red Bull Racing,2020,Sakhir Grand Prix
KVY,6.0,AlphaTauri,2020,Sakhir Grand Prix
BOT,1.0,Mercedes,2020,Sakhir Grand Prix
RUS,2.0,Mercedes,2020,Sakhir Grand Prix
NOR,19.0,McLaren,2020,Sakhir Grand Prix
GAS,9.0,AlphaTauri,2020,Sakhir Grand Prix
VET,13.0,Ferrari,2020,Sakhir Grand Prix
GIO,14.0,Alfa Romeo Racing,2020,Sakhir Grand Prix
RAI,18.0,Alfa Romeo Racing,2020,Sakhir Grand Prix
MAG,15.0,Haas F1 Team,2020,Sakhir Grand Prix
AIT,17.0,Williams,2020,Sakhir Grand Prix
FIT,20.0,Haas F1 Team,2020,Sakhir Grand Prix
LAT,16.0,Williams,2020,Sakhir Grand Prix
VER,3.0,Red Bull Racing,2020,Sakhir Grand Prix
LEC,4.0,Ferrari,2020,Sakhir Grand Prix
VER,1.0,Red Bull Racing,2020,Abu Dhabi Grand Prix
BOT,2.0,Mercedes,2020,Abu Dhabi Grand Prix
HAM,3.0,Mercedes,2020,Abu Dhabi Grand Prix
ALB,5.0,Red Bull Racing,2020,Abu Dhabi Grand Prix
NOR,4.0,McLaren,2020,Abu Dhabi Grand Prix
SAI,6.0,McLaren,2020,Abu Dhabi Grand Prix
RIC,11.0,Renault,2020,Abu Dhabi Grand Prix
GAS,9.0,AlphaTauri,2020,Abu Dhabi Grand Prix
OCO,10.0,Renault,2020,Abu Dhabi Grand Prix
STR,8.0,Racing Point,2020,Abu Dhabi Grand Prix
KVY,7.0,AlphaTauri,2020,Abu Dhabi Grand Prix
RAI,15.0,Alfa Romeo Racing,2020,Abu Dhabi Grand Prix
LEC,12.0,Ferrari,2020,Abu Dhabi Grand Prix
VET,13.0,Ferrari,2020,Abu Dhabi Grand Prix
RUS,16.0,Williams,2020,Abu Dhabi Grand Prix
GIO,14.0,Alfa Romeo Racing,2020,Abu Dhabi Grand Prix
LAT,18.0,Williams,2020,Abu Dhabi Grand Prix
MAG,20.0,Haas F1 Team,2020,Abu Dhabi Grand Prix
FIT,17.0,Haas F1 Team,2020,Abu Dhabi Grand Prix
PER,19.0,Racing Point,2020,Abu Dhabi Grand Prix
VER,1.0,Red Bull Racing,2021,Pre-Season Test
HAM,2.0,Mercedes,2021,Pre-Season Test
PER,3.0,Red Bull Racing,2021,Pre-Season Test
LEC,4.0,Ferrari,2021,Pre-Season Test
RIC,6.0,McLaren,2021,Pre-Season Test
BOT,9.0,Mercedes,2021,Pre-Season Test
SAI,5.0,Ferrari,2021,Pre-Season Test
NOR,7.0,McLaren,2021,Pre-Season Test
TSU,10.0,AlphaTauri,2021,Pre-Season Test
VET,18.0,Aston Martin,2021,Pre-Season Test
GIO,12.0,Alfa Romeo Racing,2021,Pre-Season Test
STR,13.0,Aston Martin,2021,Pre-Season Test
RAI,15.0,Alfa Romeo Racing,2021,Pre-Season Test
RUS,20.0,Williams,2021,Pre-Season Test
LAT,14.0,Williams,2021,Pre-Season Test
MSC,16.0,Haas F1 Team,2021,Pre-Season Test
MAZ,17.0,Haas F1 Team,2021,Pre-Season Test
ALO,19.0,Alpine,2021,Pre-Season Test
OCO,11.0,Alpine,2021,Pre-Season Test
GAS,8.0,AlphaTauri,2021,Pre-Season Test
HAM,2.0,Mercedes,2021,Bahrain Grand Prix
VER,1.0,Red Bull Racing,2021,Bahrain Grand Prix
BOT,3.0,Mercedes,2021,Bahrain Grand Prix
NOR,7.0,McLaren,2021,Bahrain Grand Prix
PER,0.0,Red Bull Racing,2021,Bahrain Grand Prix
LEC,4.0,Ferrari,2021,Bahrain Grand Prix
RIC,6.0,McLaren,2021,Bahrain Grand Prix
SAI,8.0,Ferrari,2021,Bahrain Grand Prix
TSU,13.0,AlphaTauri,2021,Bahrain Grand Prix
STR,10.0,Aston Martin,2021,Bahrain Grand Prix
RAI,14.0,Alfa Romeo Racing,2021,Bahrain Grand Prix
GIO,12.0,Alfa Romeo Racing,2021,Bahrain Grand Prix
OCO,16.0,Alpine,2021,Bahrain Grand Prix
RUS,15.0,Williams,2021,Bahrain Grand Prix
VET,20.0,Aston Martin,2021,Bahrain Grand Prix
MSC,18.0,Haas F1 Team,2021,Bahrain Grand Prix
GAS,5.0,AlphaTauri,2021,Bahrain Grand Prix
LAT,17.0,Williams,2021,Bahrain Grand Prix
ALO,9.0,Alpine,2021,Bahrain Grand Prix
MAZ,19.0,Haas F1 Team,2021,Bahrain Grand Prix
VER,3.0,Red Bull Racing,2021,Emilia Romagna Grand Prix
HAM,1.0,Mercedes,2021,Emilia Romagna Grand Prix
NOR,7.0,McLaren,2021,Emilia Romagna Grand Prix
LEC,4.0,Ferrari,2021,Emilia Romagna Grand Prix
SAI,11.0,Ferrari,2021,Emilia Romagna Grand Prix
RIC,6.0,McLaren,2021,Emilia Romagna Grand Prix
GAS,5.0,AlphaTauri,2021,Emilia Romagna Grand Prix
STR,10.0,Aston Martin,2021,Emilia Romagna Grand Prix
OCO,9.0,Alpine,2021,Emilia Romagna Grand Prix
ALO,15.0,Alpine,2021,Emilia Romagna Grand Prix
PER,2.0,Red Bull Racing,2021,Emilia Romagna Grand Prix
TSU,20.0,AlphaTauri,2021,Emilia Romagna Grand Prix
RAI,16.0,Alfa Romeo Racing,2021,Emilia Romagna Grand Prix
GIO,17.0,Alfa Romeo Racing,2021,Emilia Romagna Grand Prix
VET,0.0,Aston Martin,2021,Emilia Romagna Grand Prix
MSC,18.0,Haas F1 Team,2021,Emilia Romagna Grand Prix
MAZ,19.0,Haas F1 Team,2021,Emilia Romagna Grand Prix
BOT,8.0,Mercedes,2021,Emilia Romagna Grand Prix
RUS,12.0,Williams,2021,Emilia Romagna Grand Prix
LAT,14.0,Williams,2021,Emilia Romagna Grand Prix
HAM,2.0,Mercedes,2021,Portuguese Grand Prix
VER,3.0,Red Bull Racing,2021,Portuguese Grand Prix
BOT,1.0,Mercedes,2021,Portuguese Grand Prix
PER,4.0,Red Bull Racing,2021,Portuguese Grand Prix
NOR,7.0,McLaren,2021,Portuguese Grand Prix
LEC,8.0,Ferrari,2021,Portuguese Grand Prix
OCO,6.0,Alpine,2021,Portuguese Grand Prix
ALO,13.0,Alpine,2021,Portuguese Grand Prix
RIC,16.0,McLaren,2021,Portuguese Grand Prix
GAS,9.0,AlphaTauri,2021,Portuguese Grand Prix
SAI,5.0,Ferrari,2021,Portuguese Grand Prix
GIO,12.0,Alfa Romeo Racing,2021,Portuguese Grand Prix
VET,10.0,Aston Martin,2021,Portuguese Grand Prix
STR,17.0,Aston Martin,2021,Portuguese Grand Prix
TSU,14.0,AlphaTauri,2021,Portuguese Grand Prix
RUS,11.0,Williams,2021,Portuguese Grand Prix
MSC,19.0,Haas F1 Team,2021,Portuguese Grand Prix
LAT,18.0,Williams,2021,Portuguese Grand Prix
MAZ,20.0,Haas F1 Team,2021,Portuguese Grand Prix
RAI,15.0,Alfa Romeo Racing,2021,Portuguese Grand Prix
HAM,1.0,Mercedes,2021,Spanish Grand Prix
VER,2.0,Red Bull Racing,2021,Spanish Grand Prix
BOT,3.0,Mercedes,2021,Spanish Grand Prix
LEC,4.0,Ferrari,2021,Spanish Grand Prix
PER,8.0,Red Bull Racing,2021,Spanish Grand Prix
RIC,7.0,McLaren,2021,Spanish Grand Prix
SAI,6.0,Ferrari,2021,Spanish Grand Prix
NOR,9.0,McLaren,2021,Spanish Grand Prix
OCO,5.0,Alpine,2021,Spanish Grand Prix
GAS,12.0,AlphaTauri,2021,Spanish Grand Prix
STR,11.0,Aston Martin,2021,Spanish Grand Prix
RAI,17.0,Alfa Romeo Racing,2021,Spanish Grand Prix
VET,13.0,Aston Martin,2021,Spanish Grand Prix
RUS,15.0,Williams,2021,Spanish Grand Prix
GIO,14.0,Alfa Romeo Racing,2021,Spanish Grand Prix
LAT,19.0,Williams,2021,Spanish Grand Prix
ALO,10.0,Alpine,2021,Spanish Grand Prix
MSC,18.0,Haas F1 Team,2021,Spanish Grand Prix
MAZ,20.0,Haas F1 Team,2021,Spanish Grand Prix
TSU,16.0,AlphaTauri,2021,Spanish Grand Prix
VER,2.0,Red Bull Racing,2021,Monaco Grand Prix
SAI,4.0,Ferrari,2021,Monaco Grand Prix
NOR,5.0,McLaren,2021,Monaco Grand Prix
PER,9.0,Red Bull Racing,2021,Monaco Grand Prix
VET,8.0,Aston Martin,2021,Monaco Grand Prix
GAS,6.0,AlphaTauri,2021,Monaco Grand Prix
HAM,7.0,Mercedes,2021,Monaco Grand Prix
STR,13.0,Aston Martin,2021,Monaco Grand Prix
OCO,11.0,Alpine,2021,Monaco Grand Prix
GIO,10.0,Alfa Romeo Racing,2021,Monaco Grand Prix
RAI,14.0,Alfa Romeo Racing,2021,Monaco Grand Prix
RIC,12.0,McLaren,2021,Monaco Grand Prix
ALO,17.0,Alpine,2021,Monaco Grand Prix
RUS,15.0,Williams,2021,Monaco Grand Prix
LAT,18.0,Williams,2021,Monaco Grand Prix
TSU,16.0,AlphaTauri,2021,Monaco Grand Prix
MAZ,19.0,Haas F1 Team,2021,Monaco Grand Prix
MSC,20.0,Haas F1 Team,2021,Monaco Grand Prix
BOT,3.0,Mercedes,2021,Monaco Grand Prix
LEC,1.0,Ferrari,2021,Monaco Grand Prix
PER,6.0,Red Bull Racing,2021,Azerbaijan Grand Prix
VET,11.0,Aston Martin,2021,Azerbaijan Grand Prix
GAS,4.0,AlphaTauri,2021,Azerbaijan Grand Prix
LEC,1.0,Ferrari,2021,Azerbaijan Grand Prix
NOR,9.0,McLaren,2021,Azerbaijan Grand Prix
ALO,8.0,Alpine,2021,Azerbaijan Grand Prix
TSU,7.0,AlphaTauri,2021,Azerbaijan Grand Prix
SAI,5.0,Ferrari,2021,Azerbaijan Grand Prix
RIC,13.0,McLaren,2021,Azerbaijan Grand Prix
RAI,14.0,Alfa Romeo Racing,2021,Azerbaijan Grand Prix
GIO,20.0,Alfa Romeo Racing,2021,Azerbaijan Grand Prix
BOT,10.0,Mercedes,2021,Azerbaijan Grand Prix
MSC,17.0,Haas F1 Team,2021,Azerbaijan Grand Prix
MAZ,18.0,Haas F1 Team,2021,Azerbaijan Grand Prix
HAM,2.0,Mercedes,2021,Azerbaijan Grand Prix
LAT,16.0,Williams,2021,Azerbaijan Grand Prix
RUS,15.0,Williams,2021,Azerbaijan Grand Prix
VER,3.0,Red Bull Racing,2021,Azerbaijan Grand Prix
STR,19.0,Aston Martin,2021,Azerbaijan Grand Prix
OCO,12.0,Alpine,2021,Azerbaijan Grand Prix
VER,1.0,Red Bull Racing,2021,French Grand Prix
HAM,2.0,Mercedes,2021,French Grand Prix
PER,4.0,Red Bull Racing,2021,French Grand Prix
BOT,3.0,Mercedes,2021,French Grand Prix
NOR,8.0,McLaren,2021,French Grand Prix
RIC,10.0,McLaren,2021,French Grand Prix
GAS,6.0,AlphaTauri,2021,French Grand Prix
ALO,9.0,Alpine,2021,French Grand Prix
VET,12.0,Aston Martin,2021,French Grand Prix
STR,19.0,Aston Martin,2021,French Grand Prix
SAI,5.0,Ferrari,2021,French Grand Prix
RUS,14.0,Williams,2021,French Grand Prix
TSU,0.0,AlphaTauri,2021,French Grand Prix
OCO,11.0,Alpine,2021,French Grand Prix
GIO,13.0,Alfa Romeo Racing,2021,French Grand Prix
LEC,7.0,Ferrari,2021,French Grand Prix
RAI,17.0,Alfa Romeo Racing,2021,French Grand Prix
LAT,16.0,Williams,2021,French Grand Prix
MSC,15.0,Haas F1 Team,2021,French Grand Prix
MAZ,18.0,Haas F1 Team,2021,French Grand Prix
VER,1.0,Red Bull Racing,2021,Styrian Grand Prix
HAM,2.0,Mercedes,2021,Styrian Grand Prix
BOT,5.0,Mercedes,2021,Styrian Grand Prix
PER,4.0,Red Bull Racing,2021,Styrian Grand Prix
NOR,3.0,McLaren,2021,Styrian Grand Prix
SAI,12.0,Ferrari,2021,Styrian Grand Prix
LEC,7.0,Ferrari,2021,Styrian Grand Prix
STR,9.0,Aston Martin,2021,Styrian Grand Prix
ALO,8.0,Alpine,2021,Styrian Grand Prix
TSU,11.0,AlphaTauri,2021,Styrian Grand Prix
RAI,18.0,Alfa Romeo Racing,2021,Styrian Grand Prix
VET,14.0,Aston Martin,2021,Styrian Grand Prix
RIC,13.0,McLaren,2021,Styrian Grand Prix
OCO,17.0,Alpine,2021,Styrian Grand Prix
GIO,15.0,Alfa Romeo Racing,2021,Styrian Grand Prix
MSC,19.0,Haas F1 Team,2021,Styrian Grand Prix
LAT,16.0,Williams,2021,Styrian Grand Prix
MAZ,20.0,Haas F1 Team,2021,Styrian Grand Prix
RUS,10.0,Williams,2021,Styrian Grand Prix
GAS,6.0,AlphaTauri,2021,Styrian Grand Prix
VER,1.0,Red Bull Racing,2021,Austrian Grand Prix
BOT,5.0,Mercedes,2021,Austrian Grand Prix
NOR,2.0,McLaren,2021,Austrian Grand Prix
HAM,4.0,Mercedes,2021,Austrian Grand Prix
SAI,10.0,Ferrari,2021,Austrian Grand Prix
PER,3.0,Red Bull Racing,2021,Austrian Grand Prix
RIC,13.0,McLaren,2021,Austrian Grand Prix
LEC,12.0,Ferrari,2021,Austrian Grand Prix
GAS,6.0,AlphaTauri,2021,Austrian Grand Prix
ALO,14.0,Alpine,2021,Austrian Grand Prix
RUS,8.0,Williams,2021,Austrian Grand Prix
TSU,7.0,AlphaTauri,2021,Austrian Grand Prix
STR,9.0,Aston Martin,2021,Austrian Grand Prix
GIO,15.0,Alfa Romeo Racing,2021,Austrian Grand Prix
RAI,16.0,Alfa Romeo Racing,2021,Austrian Grand Prix
LAT,18.0,Williams,2021,Austrian Grand Prix
VET,11.0,Aston Martin,2021,Austrian Grand Prix
MSC,19.0,Haas F1 Team,2021,Austrian Grand Prix
MAZ,20.0,Haas F1 Team,2021,Austrian Grand Prix
OCO,17.0,Alpine,2021,Austrian Grand Prix
HAM,2.0,Mercedes,2021,British Grand Prix
LEC,4.0,Ferrari,2021,British Grand Prix
BOT,3.0,Mercedes,2021,British Grand Prix
NOR,5.0,McLaren,2021,British Grand Prix
RIC,6.0,McLaren,2021,British Grand Prix
SAI,10.0,Ferrari,2021,British Grand Prix
ALO,7.0,Alpine,2021,British Grand Prix
STR,14.0,Aston Martin,2021,British Grand Prix
OCO,9.0,Alpine,2021,British Grand Prix
TSU,16.0,AlphaTauri,2021,British Grand Prix
GAS,11.0,AlphaTauri,2021,British Grand Prix
RUS,12.0,Williams,2021,British Grand Prix
GIO,15.0,Alfa Romeo Racing,2021,British Grand Prix
LAT,17.0,Williams,2021,British Grand Prix
RAI,13.0,Alfa Romeo Racing,2021,British Grand Prix
PER,0.0,Red Bull Racing,2021,British Grand Prix
MAZ,19.0,Haas F1 Team,2021,British Grand Prix
MSC,18.0,Haas F1 Team,2021,British Grand Prix
VET,8.0,Aston Martin,2021,British Grand Prix
VER,1.0,Red Bull Racing,2021,British Grand Prix
OCO,8.0,Alpine,2021,Hungarian Grand Prix
HAM,1.0,Mercedes,2021,Hungarian Grand Prix
SAI,15.0,Ferrari,2021,Hungarian Grand Prix
ALO,9.0,Alpine,2021,Hungarian Grand Prix
GAS,5.0,AlphaTauri,2021,Hungarian Grand Prix
TSU,16.0,AlphaTauri,2021,Hungarian Grand Prix
LAT,18.0,Williams,2021,Hungarian Grand Prix
RUS,17.0,Williams,2021,Hungarian Grand Prix
VER,3.0,Red Bull Racing,2021,Hungarian Grand Prix
RAI,13.0,Alfa Romeo Racing,2021,Hungarian Grand Prix
RIC,11.0,McLaren,2021,Hungarian Grand Prix
MSC,20.0,Haas F1 Team,2021,Hungarian Grand Prix
GIO,0.0,Alfa Romeo Racing,2021,Hungarian Grand Prix
MAZ,19.0,Haas F1 Team,2021,Hungarian Grand Prix
NOR,6.0,McLaren,2021,Hungarian Grand Prix
BOT,2.0,Mercedes,2021,Hungarian Grand Prix
PER,4.0,Red Bull Racing,2021,Hungarian Grand Prix
LEC,7.0,Ferrari,2021,Hungarian Grand Prix
STR,12.0,Aston Martin,2021,Hungarian Grand Prix
VET,10.0,Aston Martin,2021,Hungarian Grand Prix
VER,1.0,Red Bull Racing,2021,Belgian Grand Prix
RUS,2.0,Williams,2021,Belgian Grand Prix
HAM,3.0,Mercedes,2021,Belgian Grand Prix
RIC,4.0,McLaren,2021,Belgian Grand Prix
VET,5.0,Aston Martin,2021,Belgian Grand Prix
GAS,6.0,AlphaTauri,2021,Belgian Grand Prix
OCO,8.0,Alpine,2021,Belgian Grand Prix
LEC,9.0,Ferrari,2021,Belgian Grand Prix
LAT,10.0,Williams,2021,Belgian Grand Prix
SAI,11.0,Ferrari,2021,Belgian Grand Prix
ALO,12.0,Alpine,2021,Belgian Grand Prix
BOT,13.0,Mercedes,2021,Belgian Grand Prix
GIO,14.0,Alfa Romeo Racing,2021,Belgian Grand Prix
NOR,15.0,McLaren,2021,Belgian Grand Prix
TSU,16.0,AlphaTauri,2021,Belgian Grand Prix
MSC,17.0,Haas F1 Team,2021,Belgian Grand Prix
MAZ,18.0,Haas F1 Team,2021,Belgian Grand Prix
RAI,0.0,Alfa Romeo Racing,2021,Belgian Grand Prix
PER,0.0,Red Bull Racing,2021,Belgian Grand Prix
STR,19.0,Aston Martin,2021,Belgian Grand Prix
VER,1.0,Red Bull Racing,2021,Dutch Grand Prix
HAM,2.0,Mercedes,2021,Dutch Grand Prix
BOT,3.0,Mercedes,2021,Dutch Grand Prix
GAS,4.0,AlphaTauri,2021,Dutch Grand Prix
LEC,5.0,Ferrari,2021,Dutch Grand Prix
ALO,9.0,Alpine,2021,Dutch Grand Prix
SAI,6.0,Ferrari,2021,Dutch Grand Prix
PER,0.0,Red Bull Racing,2021,Dutch Grand Prix
OCO,8.0,Alpine,2021,Dutch Grand Prix
NOR,13.0,McLaren,2021,Dutch Grand Prix
RIC,10.0,McLaren,2021,Dutch Grand Prix
STR,12.0,Aston Martin,2021,Dutch Grand Prix
VET,15.0,Aston Martin,2021,Dutch Grand Prix
GIO,7.0,Alfa Romeo Racing,2021,Dutch Grand Prix
KUB,16.0,Alfa Romeo Racing,2021,Dutch Grand Prix
LAT,0.0,Williams,2021,Dutch Grand Prix
RUS,11.0,Williams,2021,Dutch Grand Prix
MSC,17.0,Haas F1 Team,2021,Dutch Grand Prix
TSU,14.0,AlphaTauri,2021,Dutch Grand Prix
MAZ,18.0,Haas F1 Team,2021,Dutch Grand Prix
RIC,2.0,McLaren,2021,Italian Grand Prix
NOR,3.0,McLaren,2021,Italian Grand Prix
BOT,19.0,Mercedes,2021,Italian Grand Prix
LEC,5.0,Ferrari,2021,Italian Grand Prix
PER,8.0,Red Bull Racing,2021,Italian Grand Prix
SAI,6.0,Ferrari,2021,Italian Grand Prix
STR,9.0,Aston Martin,2021,Italian Grand Prix
ALO,10.0,Alpine,2021,Italian Grand Prix
RUS,14.0,Williams,2021,Italian Grand Prix
OCO,12.0,Alpine,2021,Italian Grand Prix
LAT,13.0,Williams,2021,Italian Grand Prix
VET,11.0,Aston Martin,2021,Italian Grand Prix
GIO,7.0,Alfa Romeo Racing,2021,Italian Grand Prix
KUB,17.0,Alfa Romeo Racing,2021,Italian Grand Prix
MSC,18.0,Haas F1 Team,2021,Italian Grand Prix
MAZ,16.0,Haas F1 Team,2021,Italian Grand Prix
HAM,4.0,Mercedes,2021,Italian Grand Prix
VER,1.0,Red Bull Racing,2021,Italian Grand Prix
GAS,0.0,AlphaTauri,2021,Italian Grand Prix
TSU,0.0,AlphaTauri,2021,Italian Grand Prix
HAM,4.0,Mercedes,2021,Russian Grand Prix
VER,20.0,Red Bull Racing,2021,Russian Grand Prix
SAI,2.0,Ferrari,2021,Russian Grand Prix
RIC,5.0,McLaren,2021,Russian Grand Prix
BOT,16.0,Mercedes,2021,Russian Grand Prix
ALO,6.0,Alpine,2021,Russian Grand Prix
NOR,1.0,McLaren,2021,Russian Grand Prix
RAI,13.0,Alfa Romeo Racing,2021,Russian Grand Prix
PER,8.0,Red Bull Racing,2021,Russian Grand Prix
RUS,3.0,Williams,2021,Russian Grand Prix
STR,7.0,Aston Martin,2021,Russian Grand Prix
VET,10.0,Aston Martin,2021,Russian Grand Prix
GAS,11.0,AlphaTauri,2021,Russian Grand Prix
OCO,9.0,Alpine,2021,Russian Grand Prix
LEC,19.0,Ferrari,2021,Russian Grand Prix
GIO,17.0,Alfa Romeo Racing,2021,Russian Grand Prix
TSU,12.0,AlphaTauri,2021,Russian Grand Prix
MAZ,15.0,Haas F1 Team,2021,Russian Grand Prix
LAT,18.0,Williams,2021,Russian Grand Prix
MSC,14.0,Haas F1 Team,2021,Russian Grand Prix
BOT,1.0,Mercedes,2021,Turkish Grand Prix
VER,2.0,Red Bull Racing,2021,Turkish Grand Prix
PER,6.0,Red Bull Racing,2021,Turkish Grand Prix
LEC,3.0,Ferrari,2021,Turkish Grand Prix
HAM,11.0,Mercedes,2021,Turkish Grand Prix
GAS,4.0,AlphaTauri,2021,Turkish Grand Prix
NOR,7.0,McLaren,2021,Turkish Grand Prix
SAI,19.0,Ferrari,2021,Turkish Grand Prix
STR,8.0,Aston Martin,2021,Turkish Grand Prix
OCO,12.0,Alpine,2021,Turkish Grand Prix
GIO,16.0,Alfa Romeo Racing,2021,Turkish Grand Prix
RAI,17.0,Alfa Romeo Racing,2021,Turkish Grand Prix
RIC,20.0,McLaren,2021,Turkish Grand Prix
TSU,9.0,AlphaTauri,2021,Turkish Grand Prix
RUS,13.0,Williams,2021,Turkish Grand Prix
ALO,5.0,Alpine,2021,Turkish Grand Prix
LAT,15.0,Williams,2021,Turkish Grand Prix
VET,10.0,Aston Martin,2021,Turkish Grand Prix
MSC,14.0,Haas F1 Team,2021,Turkish Grand Prix
MAZ,18.0,Haas F1 Team,2021,Turkish Grand Prix
VER,1.0,Red Bull Racing,2021,United States Grand Prix
HAM,2.0,Mercedes,2021,United States Grand Prix
PER,3.0,Red Bull Racing,2021,United States Grand Prix
LEC,4.0,Ferrari,2021,United States Grand Prix
RIC,6.0,McLaren,2021,United States Grand Prix
BOT,9.0,Mercedes,2021,United States Grand Prix
SAI,5.0,Ferrari,2021,United States Grand Prix
NOR,7.0,McLaren,2021,United States Grand Prix
TSU,10.0,AlphaTauri,2021,United States Grand Prix
VET,18.0,Aston Martin,2021,United States Grand Prix
GIO,12.0,Alfa Romeo Racing,2021,United States Grand Prix
STR,13.0,Aston Martin,2021,United States Grand Prix
RAI,15.0,Alfa Romeo Racing,2021,United States Grand Prix
RUS,20.0,Williams,2021,United States Grand Prix
LAT,14.0,Williams,2021,United States Grand Prix
MSC,16.0,Haas F1 Team,2021,United States Grand Prix
MAZ,17.0,Haas F1 Team,2021,United States Grand Prix
ALO,19.0,Alpine,2021,United States Grand Prix
OCO,11.0,Alpine,2021,United States Grand Prix
GAS,8.0,AlphaTauri,2021,United States Grand Prix
VER,3.0,Red Bull Racing,2021,Mexico City Grand Prix
HAM,2.0,Mercedes,2021,Mexico City Grand Prix
PER,4.0,Red Bull Racing,2021,Mexico City Grand Prix
GAS,5.0,AlphaTauri,2021,Mexico City Grand Prix
LEC,8.0,Ferrari,2021,Mexico City Grand Prix
SAI,6.0,Ferrari,2021,Mexico City Grand Prix
VET,9.0,Aston Martin,2021,Mexico City Grand Prix
RAI,10.0,Alfa Romeo Racing,2021,Mexico City Grand Prix
ALO,12.0,Alpine,2021,Mexico City Grand Prix
NOR,18.0,McLaren,2021,Mexico City Grand Prix
GIO,11.0,Alfa Romeo Racing,2021,Mexico City Grand Prix
RIC,7.0,McLaren,2021,Mexico City Grand Prix
OCO,19.0,Alpine,2021,Mexico City Grand Prix
STR,20.0,Aston Martin,2021,Mexico City Grand Prix
BOT,1.0,Mercedes,2021,Mexico City Grand Prix
RUS,16.0,Williams,2021,Mexico City Grand Prix
LAT,13.0,Williams,2021,Mexico City Grand Prix
MAZ,15.0,Haas F1 Team,2021,Mexico City Grand Prix
MSC,14.0,Haas F1 Team,2021,Mexico City Grand Prix
TSU,17.0,AlphaTauri,2021,Mexico City Grand Prix
HAM,10.0,Mercedes,2021,São Paulo Grand Prix
VER,2.0,Red Bull Racing,2021,São Paulo Grand Prix
BOT,1.0,Mercedes,2021,São Paulo Grand Prix
PER,4.0,Red Bull Racing,2021,São Paulo Grand Prix
LEC,6.0,Ferrari,2021,São Paulo Grand Prix
SAI,3.0,Ferrari,2021,São Paulo Grand Prix
GAS,7.0,AlphaTauri,2021,São Paulo Grand Prix
OCO,8.0,Alpine,2021,São Paulo Grand Prix
ALO,12.0,Alpine,2021,São Paulo Grand Prix
NOR,5.0,McLaren,2021,São Paulo Grand Prix
VET,9.0,Aston Martin,2021,São Paulo Grand Prix
RAI,0.0,Alfa Romeo Racing,2021,São Paulo Grand Prix
RUS,17.0,Williams,2021,São Paulo Grand Prix
GIO,13.0,Alfa Romeo Racing,2021,São Paulo Grand Prix
TSU,15.0,AlphaTauri,2021,São Paulo Grand Prix
LAT,16.0,Williams,2021,São Paulo Grand Prix
MAZ,19.0,Haas F1 Team,2021,São Paulo Grand Prix
MSC,18.0,Haas F1 Team,2021,São Paulo Grand Prix
RIC,11.0,McLaren,2021,São Paulo Grand Prix
STR,14.0,Aston Martin,2021,São Paulo Grand Prix
HAM,1.0,Mercedes,2021,Qatar Grand Prix
VER,7.0,Red Bull Racing,2021,Qatar Grand Prix
ALO,3.0,Alpine,2021,Qatar Grand Prix
PER,11.0,Red Bull Racing,2021,Qatar Grand Prix
OCO,9.0,Alpine,2021,Qatar Grand Prix
STR,12.0,Aston Martin,2021,Qatar Grand Prix
SAI,5.0,Ferrari,2021,Qatar Grand Prix
LEC,13.0,Ferrari,2021,Qatar Grand Prix
NOR,4.0,McLaren,2021,Qatar Grand Prix
VET,10.0,Aston Martin,2021,Qatar Grand Prix
GAS,2.0,AlphaTauri,2021,Qatar Grand Prix
RIC,14.0,McLaren,2021,Qatar Grand Prix
TSU,8.0,AlphaTauri,2021,Qatar Grand Prix
RAI,16.0,Alfa Romeo Racing,2021,Qatar Grand Prix
GIO,18.0,Alfa Romeo Racing,2021,Qatar Grand Prix
MSC,19.0,Haas F1 Team,2021,Qatar Grand Prix
RUS,15.0,Williams,2021,Qatar Grand Prix
MAZ,20.0,Haas F1 Team,2021,Qatar Grand Prix
LAT,17.0,Williams,2021,Qatar Grand Prix
BOT,6.0,Mercedes,2021,Qatar Grand Prix
HAM,1.0,Mercedes,2021,Saudi Arabian Grand Prix
VER,3.0,Red Bull Racing,2021,Saudi Arabian Grand Prix
BOT,2.0,Mercedes,2021,Saudi Arabian Grand Prix
OCO,9.0,Alpine,2021,Saudi Arabian Grand Prix
RIC,11.0,McLaren,2021,Saudi Arabian Grand Prix
GAS,6.0,AlphaTauri,2021,Saudi Arabian Grand Prix
LEC,4.0,Ferrari,2021,Saudi Arabian Grand Prix
SAI,15.0,Ferrari,2021,Saudi Arabian Grand Prix
GIO,10.0,Alfa Romeo Racing,2021,Saudi Arabian Grand Prix
NOR,7.0,McLaren,2021,Saudi Arabian Grand Prix
STR,18.0,Aston Martin,2021,Saudi Arabian Grand Prix
LAT,16.0,Williams,2021,Saudi Arabian Grand Prix
ALO,13.0,Alpine,2021,Saudi Arabian Grand Prix
TSU,8.0,AlphaTauri,2021,Saudi Arabian Grand Prix
RAI,12.0,Alfa Romeo Racing,2021,Saudi Arabian Grand Prix
VET,17.0,Aston Martin,2021,Saudi Arabian Grand Prix
PER,5.0,Red Bull Racing,2021,Saudi Arabian Grand Prix
MAZ,20.0,Haas F1 Team,2021,Saudi Arabian Grand Prix
RUS,14.0,Williams,2021,Saudi Arabian Grand Prix
MSC,19.0,Haas F1 Team,2021,Saudi Arabian Grand Prix
VER,1.0,Red Bull Racing,2021,Abu Dhabi Grand Prix
HAM,2.0,Mercedes,2021,Abu Dhabi Grand Prix
SAI,5.0,Ferrari,2021,Abu Dhabi Grand Prix
TSU,8.0,AlphaTauri,2021,Abu Dhabi Grand Prix
GAS,12.0,AlphaTauri,2021,Abu Dhabi Grand Prix
BOT,6.0,Mercedes,2021,Abu Dhabi Grand Prix
NOR,3.0,McLaren,2021,Abu Dhabi Grand Prix
ALO,11.0,Alpine,2021,Abu Dhabi Grand Prix
OCO,9.0,Alpine,2021,Abu Dhabi Grand Prix
LEC,7.0,Ferrari,2021,Abu Dhabi Grand Prix
VET,15.0,Aston Martin,2021,Abu Dhabi Grand Prix
RIC,10.0,McLaren,2021,Abu Dhabi Grand Prix
STR,13.0,Aston Martin,2021,Abu Dhabi Grand Prix
MSC,19.0,Haas F1 Team,2021,Abu Dhabi Grand Prix
PER,4.0,Red Bull Racing,2021,Abu Dhabi Grand Prix
LAT,16.0,Williams,2021,Abu Dhabi Grand Prix
GIO,14.0,Alfa Romeo Racing,2021,Abu Dhabi Grand Prix
RUS,17.0,Williams,2021,Abu Dhabi Grand Prix
RAI,18.0,Alfa Romeo Racing,2021,Abu Dhabi Grand Prix
MAZ,,Haas F1 Team,2021,Abu Dhabi Grand Prix
SAI,1.0,Ferrari,2022,Pre-Season Track Session
PER,4.0,Red Bull Racing,2022,Pre-Season Track Session
HAM,5.0,Mercedes,2022,Pre-Season Track Session
LEC,3.0,Ferrari,2022,Pre-Season Track Session
ALO,7.0,Alpine,2022,Pre-Season Track Session
NOR,6.0,McLaren,2022,Pre-Season Track Session
VER,2.0,Red Bull Racing,2022,Pre-Season Track Session
MSC,19.0,Haas F1 Team,2022,Pre-Season Track Session
VET,18.0,Aston Martin,2022,Pre-Season Track Session
MAG,17.0,Haas F1 Team,2022,Pre-Season Track Session
STR,20.0,Aston Martin,2022,Pre-Season Track Session
LAT,10.0,Williams,2022,Pre-Season Track Session
RIC,14.0,McLaren,2022,Pre-Season Track Session
TSU,13.0,AlphaTauri,2022,Pre-Season Track Session
OCO,15.0,Alpine,2022,Pre-Season Track Session
GAS,11.0,AlphaTauri,2022,Pre-Season Track Session
BOT,12.0,Alfa Romeo,2022,Pre-Season Track Session
RUS,8.0,Mercedes,2022,Pre-Season Track Session
ZHO,9.0,Alfa Romeo,2022,Pre-Season Track Session
ALB,16.0,Williams,2022,Pre-Season Track Session
VER,2.0,Red Bull Racing,2022,Pre-Season Test
HAM,3.0,Mercedes,2022,Pre-Season Test
LEC,12.0,Ferrari,2022,Pre-Season Test
PER,9.0,Red Bull Racing,2022,Pre-Season Test
RUS,4.0,Mercedes,2022,Pre-Season Test
NOR,6.0,McLaren,2022,Pre-Season Test
ALO,14.0,Alpine,2022,Pre-Season Test
VET,10.0,Aston Martin,2022,Pre-Season Test
MAG,13.0,Haas F1 Team,2022,Pre-Season Test
TSU,19.0,AlphaTauri,2022,Pre-Season Test
OCO,0.0,Alpine,2022,Pre-Season Test
ZHO,18.0,Alfa Romeo,2022,Pre-Season Test
ALB,8.0,Williams,2022,Pre-Season Test
GAS,11.0,AlphaTauri,2022,Pre-Season Test
MSC,16.0,Haas F1 Team,2022,Pre-Season Test
RIC,15.0,McLaren,2022,Pre-Season Test
LAT,17.0,Williams,2022,Pre-Season Test
STR,5.0,Aston Martin,2022,Pre-Season Test
BOT,7.0,Alfa Romeo,2022,Pre-Season Test
SAI,1.0,Ferrari,2022,Pre-Season Test
LEC,1.0,Ferrari,2022,Bahrain Grand Prix
SAI,3.0,Ferrari,2022,Bahrain Grand Prix
HAM,5.0,Mercedes,2022,Bahrain Grand Prix
RUS,9.0,Mercedes,2022,Bahrain Grand Prix
MAG,7.0,Haas F1 Team,2022,Bahrain Grand Prix
BOT,6.0,Alfa Romeo,2022,Bahrain Grand Prix
OCO,11.0,Alpine,2022,Bahrain Grand Prix
TSU,16.0,AlphaTauri,2022,Bahrain Grand Prix
ALO,8.0,Alpine,2022,Bahrain Grand Prix
ZHO,15.0,Alfa Romeo,2022,Bahrain Grand Prix
MSC,12.0,Haas F1 Team,2022,Bahrain Grand Prix
STR,19.0,Aston Martin,2022,Bahrain Grand Prix
ALB,14.0,Williams,2022,Bahrain Grand Prix
RIC,18.0,McLaren,2022,Bahrain Grand Prix
NOR,13.0,McLaren,2022,Bahrain Grand Prix
LAT,20.0,Williams,2022,Bahrain Grand Prix
HUL,17.0,Aston Martin,2022,Bahrain Grand Prix
PER,4.0,Red Bull Racing,2022,Bahrain Grand Prix
VER,2.0,Red Bull Racing,2022,Bahrain Grand Prix
GAS,10.0,AlphaTauri,2022,Bahrain Grand Prix
VER,4.0,Red Bull Racing,2022,Saudi Arabian Grand Prix
LEC,2.0,Ferrari,2022,Saudi Arabian Grand Prix
SAI,3.0,Ferrari,2022,Saudi Arabian Grand Prix
PER,1.0,Red Bull Racing,2022,Saudi Arabian Grand Prix
RUS,6.0,Mercedes,2022,Saudi Arabian Grand Prix
OCO,5.0,Alpine,2022,Saudi Arabian Grand Prix
NOR,11.0,McLaren,2022,Saudi Arabian Grand Prix
GAS,9.0,AlphaTauri,2022,Saudi Arabian Grand Prix
MAG,10.0,Haas F1 Team,2022,Saudi Arabian Grand Prix
HAM,15.0,Mercedes,2022,Saudi Arabian Grand Prix
ZHO,12.0,Alfa Romeo,2022,Saudi Arabian Grand Prix
HUL,17.0,Aston Martin,2022,Saudi Arabian Grand Prix
STR,13.0,Aston Martin,2022,Saudi Arabian Grand Prix
ALB,16.0,Williams,2022,Saudi Arabian Grand Prix
BOT,8.0,Alfa Romeo,2022,Saudi Arabian Grand Prix
ALO,7.0,Alpine,2022,Saudi Arabian Grand Prix
RIC,14.0,McLaren,2022,Saudi Arabian Grand Prix
LAT,18.0,Williams,2022,Saudi Arabian Grand Prix
TSU,19.0,AlphaTauri,2022,Saudi Arabian Grand Prix
MSC,,Haas F1 Team,2022,Saudi Arabian Grand Prix
LEC,1.0,Ferrari,2022,Australian Grand Prix
PER,3.0,Red Bull Racing,2022,Australian Grand Prix
RUS,6.0,Mercedes,2022,Australian Grand Prix
HAM,5.0,Mercedes,2022,Australian Grand Prix
NOR,4.0,McLaren,2022,Australian Grand Prix
RIC,7.0,McLaren,2022,Australian Grand Prix
OCO,8.0,Alpine,2022,Australian Grand Prix
BOT,12.0,Alfa Romeo,2022,Australian Grand Prix
GAS,11.0,AlphaTauri,2022,Australian Grand Prix
ALB,20.0,Williams,2022,Australian Grand Prix
ZHO,14.0,Alfa Romeo,2022,Australian Grand Prix
STR,19.0,Aston Martin,2022,Australian Grand Prix
MSC,15.0,Haas F1 Team,2022,Australian Grand Prix
MAG,16.0,Haas F1 Team,2022,Australian Grand Prix
TSU,13.0,AlphaTauri,2022,Australian Grand Prix
LAT,18.0,Williams,2022,Australian Grand Prix
ALO,10.0,Alpine,2022,Australian Grand Prix
VER,2.0,Red Bull Racing,2022,Australian Grand Prix
VET,17.0,Aston Martin,2022,Australian Grand Prix
SAI,9.0,Ferrari,2022,Australian Grand Prix
VER,1.0,Red Bull Racing,2022,Emilia Romagna Grand Prix
PER,3.0,Red Bull Racing,2022,Emilia Romagna Grand Prix
NOR,5.0,McLaren,2022,Emilia Romagna Grand Prix
RUS,11.0,Mercedes,2022,Emilia Romagna Grand Prix
BOT,7.0,Alfa Romeo,2022,Emilia Romagna Grand Prix
LEC,2.0,Ferrari,2022,Emilia Romagna Grand Prix
TSU,12.0,AlphaTauri,2022,Emilia Romagna Grand Prix
VET,13.0,Aston Martin,2022,Emilia Romagna Grand Prix
MAG,8.0,Haas F1 Team,2022,Emilia Romagna Grand Prix
STR,15.0,Aston Martin,2022,Emilia Romagna Grand Prix
ALB,18.0,Williams,2022,Emilia Romagna Grand Prix
GAS,17.0,AlphaTauri,2022,Emilia Romagna Grand Prix
HAM,14.0,Mercedes,2022,Emilia Romagna Grand Prix
OCO,16.0,Alpine,2022,Emilia Romagna Grand Prix
ZHO,0.0,Alfa Romeo,2022,Emilia Romagna Grand Prix
LAT,19.0,Williams,2022,Emilia Romagna Grand Prix
MSC,10.0,Haas F1 Team,2022,Emilia Romagna Grand Prix
RIC,6.0,McLaren,2022,Emilia Romagna Grand Prix
ALO,9.0,Alpine,2022,Emilia Romagna Grand Prix
SAI,4.0,Ferrari,2022,Emilia Romagna Grand Prix
VER,3.0,Red Bull Racing,2022,Miami Grand Prix
LEC,1.0,Ferrari,2022,Miami Grand Prix
SAI,2.0,Ferrari,2022,Miami Grand Prix
PER,4.0,Red Bull Racing,2022,Miami Grand Prix
RUS,12.0,Mercedes,2022,Miami Grand Prix
HAM,6.0,Mercedes,2022,Miami Grand Prix
BOT,5.0,Alfa Romeo,2022,Miami Grand Prix
OCO,20.0,Alpine,2022,Miami Grand Prix
ALB,18.0,Williams,2022,Miami Grand Prix
STR,0.0,Aston Martin,2022,Miami Grand Prix
ALO,11.0,Alpine,2022,Miami Grand Prix
TSU,9.0,AlphaTauri,2022,Miami Grand Prix
RIC,14.0,McLaren,2022,Miami Grand Prix
LAT,19.0,Williams,2022,Miami Grand Prix
MSC,15.0,Haas F1 Team,2022,Miami Grand Prix
MAG,16.0,Haas F1 Team,2022,Miami Grand Prix
VET,0.0,Aston Martin,2022,Miami Grand Prix
GAS,7.0,AlphaTauri,2022,Miami Grand Prix
NOR,8.0,McLaren,2022,Miami Grand Prix
ZHO,17.0,Alfa Romeo,2022,Miami Grand Prix
VER,2.0,Red Bull Racing,2022,Spanish Grand Prix
PER,5.0,Red Bull Racing,2022,Spanish Grand Prix
RUS,4.0,Mercedes,2022,Spanish Grand Prix
SAI,3.0,Ferrari,2022,Spanish Grand Prix
HAM,6.0,Mercedes,2022,Spanish Grand Prix
BOT,7.0,Alfa Romeo,2022,Spanish Grand Prix
OCO,12.0,Alpine,2022,Spanish Grand Prix
NOR,11.0,McLaren,2022,Spanish Grand Prix
ALO,20.0,Alpine,2022,Spanish Grand Prix
TSU,13.0,AlphaTauri,2022,Spanish Grand Prix
VET,16.0,Aston Martin,2022,Spanish Grand Prix
RIC,9.0,McLaren,2022,Spanish Grand Prix
GAS,14.0,AlphaTauri,2022,Spanish Grand Prix
MSC,10.0,Haas F1 Team,2022,Spanish Grand Prix
STR,17.0,Aston Martin,2022,Spanish Grand Prix
LAT,19.0,Williams,2022,Spanish Grand Prix
MAG,8.0,Haas F1 Team,2022,Spanish Grand Prix
ALB,18.0,Williams,2022,Spanish Grand Prix
ZHO,15.0,Alfa Romeo,2022,Spanish Grand Prix
LEC,1.0,Ferrari,2022,Spanish Grand Prix
PER,3.0,Red Bull Racing,2022,Monaco Grand Prix
SAI,2.0,Ferrari,2022,Monaco Grand Prix
VER,4.0,Red Bull Racing,2022,Monaco Grand Prix
LEC,1.0,Ferrari,2022,Monaco Grand Prix
RUS,6.0,Mercedes,2022,Monaco Grand Prix
NOR,5.0,McLaren,2022,Monaco Grand Prix
ALO,7.0,Alpine,2022,Monaco Grand Prix
HAM,8.0,Mercedes,2022,Monaco Grand Prix
BOT,12.0,Alfa Romeo,2022,Monaco Grand Prix
VET,9.0,Aston Martin,2022,Monaco Grand Prix
GAS,17.0,AlphaTauri,2022,Monaco Grand Prix
OCO,10.0,Alpine,2022,Monaco Grand Prix
RIC,14.0,McLaren,2022,Monaco Grand Prix
STR,18.0,Aston Martin,2022,Monaco Grand Prix
LAT,19.0,Williams,2022,Monaco Grand Prix
ZHO,20.0,Alfa Romeo,2022,Monaco Grand Prix
TSU,11.0,AlphaTauri,2022,Monaco Grand Prix
ALB,16.0,Williams,2022,Monaco Grand Prix
MSC,15.0,Haas F1 Team,2022,Monaco Grand Prix
MAG,13.0,Haas F1 Team,2022,Monaco Grand Prix
SAI,1.0,Ferrari,2022,British Grand Prix
PER,4.0,Red Bull Racing,2022,British Grand Prix
HAM,5.0,Mercedes,2022,British Grand Prix
LEC,3.0,Ferrari,2022,British Grand Prix
ALO,7.0,Alpine,2022,British Grand Prix
NOR,6.0,McLaren,2022,British Grand Prix
VER,2.0,Red Bull Racing,2022,British Grand Prix
MSC,19.0,Haas F1 Team,2022,British Grand Prix
VET,18.0,Aston Martin,2022,British Grand Prix
MAG,17.0,Haas F1 Team,2022,British Grand Prix
STR,20.0,Aston Martin,2022,British Grand Prix
LAT,10.0,Williams,2022,British Grand Prix
RIC,14.0,McLaren,2022,British Grand Prix
TSU,13.0,AlphaTauri,2022,British Grand Prix
OCO,15.0,Alpine,2022,British Grand Prix
GAS,11.0,AlphaTauri,2022,British Grand Prix
BOT,12.0,Alfa Romeo,2022,British Grand Prix
RUS,8.0,Mercedes,2022,British Grand Prix
ZHO,9.0,Alfa Romeo,2022,British Grand Prix
ALB,16.0,Williams,2022,British Grand Prix
VER,2.0,Red Bull Racing,2022,United States Grand Prix
HAM,3.0,Mercedes,2022,United States Grand Prix
LEC,12.0,Ferrari,2022,United States Grand Prix
PER,9.0,Red Bull Racing,2022,United States Grand Prix
RUS,4.0,Mercedes,2022,United States Grand Prix
NOR,6.0,McLaren,2022,United States Grand Prix
ALO,14.0,Alpine,2022,United States Grand Prix
VET,10.0,Aston Martin,2022,United States Grand Prix
MAG,13.0,Haas F1 Team,2022,United States Grand Prix
TSU,19.0,AlphaTauri,2022,United States Grand Prix
OCO,0.0,Alpine,2022,United States Grand Prix
ZHO,18.0,Alfa Romeo,2022,United States Grand Prix
ALB,8.0,Williams,2022,United States Grand Prix
GAS,11.0,AlphaTauri,2022,United States Grand Prix
MSC,16.0,Haas F1 Team,2022,United States Grand Prix
RIC,15.0,McLaren,2022,United States Grand Prix
LAT,17.0,Williams,2022,United States Grand Prix
STR,5.0,Aston Martin,2022,United States Grand Prix
BOT,7.0,Alfa Romeo,2022,United States Grand Prix
SAI,1.0,Ferrari,2022,United States Grand Prix
